Model,Target,MSE,RMSE,R2,MAE,TrainTime,PredictTime
LogisticRegression,EaseofUse,2.338482952509578,1.529209911199106,-0.35114655309825027,0.8941732587304649,52.90433478355408,0.13274693489074707
LogisticRegression,Effectiveness,2.277817590474353,1.5092440460291217,-0.0700806485294112,0.9606543369807888,52.51642823219299,0.08779382705688477
LogisticRegression,Satisfaction,2.1312394917449904,1.4598765330482542,0.1789072694849998,0.8713238334114275,64.12249207496643,0.09418225288391113
LogisticRegression,UsefulCount,120.97052176070119,10.998659998413498,-0.3613494326437299,6.241021471293514,672.8491780757904,0.35396885871887207
