Model,Target,MSE,RMSE,R2,MAE,TrainTime,PredictTime
MLPClassification,EaseofUse,2.186847110057606,1.4787992122183478,-0.2635332371083865,0.8705658609189383,180.2125368118286,0.0362401008605957
MLPClassification,Effectiveness,2.440740332405391,1.5622868918368966,-0.14661903074001192,1.0010611614894849,192.40271377563477,0.03470420837402344
MLPClassification,Satisfaction,2.482153193131391,1.5754850659817095,0.0437123792051789,0.9641961357184201,212.95853424072266,0.034906864166259766
MLPClassification,UsefulCount,116.2178137317053,10.780436620643215,-0.30786453165608485,5.959827457898073,505.99807476997375,0.0895993709564209
