Model,Target,MSE,RMSE,R2,MAE,TrainTime,PredictTime
LogisticRegression,EaseofUse,2.2662826272704724,1.5054177583881732,-0.3094300973615516,0.8797166561009895,21.066338062286377,0.009505271911621094
LogisticRegression,Effectiveness,2.2742482291006314,1.5080610826822074,-0.06840382218932106,0.9587111711364075,21.55685591697693,0.010857820510864258
LogisticRegression,Satisfaction,2.4979879275653922,1.5805024288388145,0.03761180468797698,0.9648438576665472,22.927101373672485,0.008877754211425781
LogisticRegression,UsefulCount,84.65710702571594,9.20092968268511,0.04730588128985269,4.995217882638295,491.63017177581787,0.12656831741333008
