Model,Target,MSE,RMSE,R2,MAE,TrainTime,PredictTime
MLPClassification,EaseofUse,2.384333397646151,1.5441286855849,-0.3776383737197424,0.9085471734516689,398.44383096694946,0.09568595886230469
MLPClassification,Effectiveness,2.6615997353986933,1.6314409996682973,-0.25037508837045386,1.062911716876602,200.23241686820984,0.06201672554016113
MLPClassification,Satisfaction,2.8465725862021443,1.6871788838775053,-0.09668578611977496,1.0567652490284172,181.79168510437012,0.0758199691772461
MLPClassification,UsefulCount,117.98977426201041,10.862309803260558,-0.32780540177459017,6.117664893470412,746.6990962028503,0.12857794761657715
