Model,Target,MSE,RMSE,R2,MAE,TrainTime,PredictTime
LogisticRegression,EaseofUse,2.6403213803368155,1.624906575879615,-0.5255450668499542,0.9679859981808661,41.7501060962677,0.019962787628173828
LogisticRegression,Effectiveness,3.330393318817012,1.8249365245994207,-0.5645631403327476,1.2334830903227585,47.842010736465454,0.019268035888671875
LogisticRegression,Satisfaction,3.584507042253521,1.8932794411426754,-0.3809863632286501,1.245376367795816,55.864065170288086,0.009380102157592773
LogisticRegression,UsefulCount,134.24945563793722,11.586606735275744,-0.5107847565290691,6.736790606653621,940.4608368873596,0.20370197296142578
