Model,Target,MSE,RMSE,R2,MAE,TrainTime,PredictTime
LogisticRegression,EaseofUse,2.318169289710868,1.5225535424775274,-0.33940956975106684,0.8919682478432237,14.002071380615234,0.006999492645263672
LogisticRegression,Effectiveness,2.448140900195695,1.5646536038995005,-0.1500956938466853,1.0047683360436592,16.373074293136597,0.0070002079010009766
LogisticRegression,Satisfaction,2.5487169592899863,1.5964701560912393,0.018067666482737166,0.9786940823020314,18.305723667144775,0.008515357971191406
LogisticRegression,UsefulCount,109.78525950221879,10.477846128962707,-0.2354753749978693,5.859843995479728,341.06269121170044,0.10815310478210449
