Model,Target,MSE,RMSE,R2,MAE,TrainTime,PredictTime
MLPClassification,EaseofUse,1.8818941043521402,1.3718214549831695,-0.08733515874578468,0.767398914032138,922.5295248031616,0.12002182006835938
MLPClassification,Effectiveness,2.0904605716490727,1.4458425127409529,0.017936548742887415,0.8669551555910807,495.6313199996948,0.05533099174499512
MLPClassification,Satisfaction,2.1220473526088037,1.4567248719675256,0.18244868219428934,0.8374080097020479,449.5954430103302,0.08989477157592773
MLPClassification,UsefulCount,98.86579752487528,9.94312815591126,-0.11259251765980571,5.282875334196962,1807.8874218463898,0.13946318626403809
