Model,Target,MSE,RMSE,R2,MAE,TrainTime,PredictTime
LogisticRegression,EaseofUse,2.285907224166919,1.5119216990859412,-0.3207689469452619,0.8839613020589289,17.86576819419861,0.009491920471191406
LogisticRegression,Effectiveness,2.3377801052892697,1.5289800866228669,-0.09825003619633077,0.9764890714147901,22.636598348617554,0.009099006652832031
LogisticRegression,Satisfaction,2.530249993109341,1.590675954778138,0.025182348687306955,0.9739257462583721,22.450039386749268,0.009512901306152344
LogisticRegression,UsefulCount,103.03780215539814,10.150753772769692,-0.15954243615304287,5.647956230533889,438.78001046180725,0.11216592788696289
